{"e2e_model": {"latency_ms_p50": 876.0502338409424, "latency_ms_p90": 880.2456855773926, "latency_ms_p95": 880.3454995155334, "latency_ms_p99": 880.8515858650208, "latency_ms_p100": 880.9781074523926, "latency_ms_avg": 872.4865794181824, "throughput": 293.41425534672817}, "context_encoding_model": {"latency_ms_p50": 12.854218482971191, "latency_ms_p90": 12.931585311889648, "latency_ms_p95": 12.952625751495361, "latency_ms_p99": 13.011515140533447, "latency_ms_p100": 13.026237487792969, "latency_ms_avg": 12.83872127532959, "throughput": 9969.840239927948}, "token_generation_model": {"latency_ms_p50": 8.625268936157227, "latency_ms_p90": 8.717775344848633, "latency_ms_p95": 8.756875991821289, "latency_ms_p99": 8.831305503845215, "latency_ms_p100": 9.884834289550781, "latency_ms_avg": 8.616526628795423, "throughput": 117.2776873238473}}