{"e2e_model": {"latency_ms_p50": 710.8107805252075, "latency_ms_p90": 711.7465734481812, "latency_ms_p95": 712.2372269630432, "latency_ms_p99": 713.7101864814757, "latency_ms_p100": 714.078426361084, "latency_ms_avg": 710.8071208000183, "throughput": 360.15396091118254}, "context_encoding_model": {"latency_ms_p50": 17.725825309753418, "latency_ms_p90": 17.81013011932373, "latency_ms_p95": 17.898714542388916, "latency_ms_p99": 17.904694080352783, "latency_ms_p100": 17.90618896484375, "latency_ms_avg": 17.729055881500244, "throughput": 7219.78659526728}}